,ddg
VRC01.G163A.Repair2.clean.mut.pdb,0.0858286315579174
VRC01.G163K.Repair2.clean.mut.pdb,0.3774467766245241
VRC01.G163T.Repair2.clean.mut.pdb,-0.03254327994424813
VRC01.G165A.Repair2.clean.mut.pdb,0.2620425858686005
VRC01.G168A.Repair2.clean.mut.pdb,0.36189878571832723
VRC01.G176A.Repair2.clean.mut.pdb,0.3350347643313844
VRC01.G179A.Repair2.clean.mut.pdb,0.397269219078853
VRC01.G218A.Repair2.clean.mut.pdb,0.2712053828664208
VRC01.G222A.Repair2.clean.mut.pdb,0.24666823245189592
VRC01.G223A.Repair2.clean.mut.pdb,0.4684792557834916
VRC01.G228A.Repair2.clean.mut.pdb,0.2916673790756187
VRC01.G239A.Repair2.clean.mut.pdb,0.41189079439652304
VRC01.G242A.Repair2.clean.mut.pdb,0.5870141637306352
VRC01.G245A.Repair2.clean.mut.pdb,0.5887817743256888
VRC01.G246A.Repair2.clean.mut.pdb,0.4204448531867959
VRC01.G248A.Repair2.clean.mut.pdb,0.6027911888697836
VRC01.G249A.Repair2.clean.mut.pdb,0.47707078067587577
VRC01.G263S.Repair2.clean.mut.pdb,0.14757252293071538
VRC01.G264A.Repair2.clean.mut.pdb,0.39848769196782485
VRC01.G267A.Repair2.clean.mut.pdb,0.2283175493203559
VRC01.G290A.Repair2.clean.mut.pdb,0.21943977006793772
VRC01.G294K.Repair2.clean.mut.pdb,-0.1427021155764733
VRC01.G295A.Repair2.clean.mut.pdb,0.18981706542675833
VRC01.G297A.Repair2.clean.mut.pdb,0.25491286249200573
VRC01.G302A.Repair2.clean.mut.pdb,0.34312166034447295
VRC01.G308A.Repair2.clean.mut.pdb,0.24071577474032912
VRC01.G315A.Repair2.clean.mut.pdb,0.37490123898423067
VRC01.G328A.Repair2.clean.mut.pdb,0.2890600808696677
VRC01.G329A.Repair2.clean.mut.pdb,0.34379165446151994
VRC01.G330A.Repair2.clean.mut.pdb,-0.2543798698930864
VRC01.G331A.Repair2.clean.mut.pdb,0.04558021818583494
VRC01.G332A.Repair2.clean.mut.pdb,1.315657329833542
VRC01.G333A.Repair2.clean.mut.pdb,0.20923313550240213
VRC01.G334A.Repair2.clean.mut.pdb,0.4824995167545284
VRC01.G335A.Repair2.clean.mut.pdb,0.8516348374494104
VRC01.G336A.Repair2.clean.mut.pdb,0.3910309470756471
VRC01.G337A.Repair2.clean.mut.pdb,0.26124552572424675
VRC01.G348A.Repair2.clean.mut.pdb,0.5023424787444765
VRC01.G350A.Repair2.clean.mut.pdb,0.2568049323321866
VRC01.G352A.Repair2.clean.mut.pdb,0.2448884213061155
VRC01.G359A.Repair2.clean.mut.pdb,0.47012163056078515
VRC01.G379A.Repair2.clean.mut.pdb,0.2703193969491702
VRC01.G380A.Repair2.clean.mut.pdb,0.3889543861929211
VRC01.G381A.Repair2.clean.mut.pdb,0.24429269350051147
VRC01.G383A.Repair2.clean.mut.pdb,0.30068766760806337
VRC01.G384A.Repair2.clean.mut.pdb,0.47291898018816003
VRC01.G385A.Repair2.clean.mut.pdb,0.31493996319948203
VRC01.G387A.Repair2.clean.mut.pdb,1.2698129719014395
VRC01.G390A.Repair2.clean.mut.pdb,0.33839621750880067
VRC01.G392A.Repair2.clean.mut.pdb,0.19902972874409386
VRC01.G395A.Repair2.clean.mut.pdb,0.3774996514110338
VRC01.G399A.Repair2.clean.mut.pdb,0.382997730229767
VRC01.G410A.Repair2.clean.mut.pdb,0.39720295127524713
VRC01.G415A.Repair2.clean.mut.pdb,0.7778922323161443
VRC01.G416A.Repair2.clean.mut.pdb,0.754546653439299
VRC01.G417A.Repair2.clean.mut.pdb,0.6253978689714077
VRC01.G418A.Repair2.clean.mut.pdb,-0.19376343238368132
VRC01.G419A.Repair2.clean.mut.pdb,-0.444158418595813
VRC01.G421A.Repair2.clean.mut.pdb,0.17011964374475147
VRC01.G423A.Repair2.clean.mut.pdb,0.19589326749931618
VRC01.G427A.Repair2.clean.mut.pdb,0.22473366381844195
VRC01.G429A.Repair2.clean.mut.pdb,0.7530486023907599
VRC01.G431A.Repair2.clean.mut.pdb,0.2778481886652478
VRC01.G432A.Repair2.clean.mut.pdb,-0.034420266555528475
VRC01.G433A.Repair2.clean.mut.pdb,-0.01018190085986121
VRC01.G434A.Repair2.clean.mut.pdb,1.1170732834486605
VRC01.G436A.Repair2.clean.mut.pdb,0.6351061786514749
VRC01.G437A.Repair2.clean.mut.pdb,0.504505635202124
VRC01.G439A.Repair2.clean.mut.pdb,0.2917896085383147
VRC01.G440A.Repair2.clean.mut.pdb,0.585474581382402
VRC01.G54A.Repair2.clean.mut.pdb,0.368750890635285
VRC01.G62A.Repair2.clean.mut.pdb,0.5003853523776336
VRC01.G64A.Repair2.clean.mut.pdb,0.5348137875469967
VRC01.G69A.Repair2.clean.mut.pdb,0.23045540451036264
VRC01.G79A.Repair2.clean.mut.pdb,0.42064897460197026
VRC01.G87A.Repair2.clean.mut.pdb,0.2481394146950154
VRC01.G88A.Repair2.clean.mut.pdb,0.23476581431812743
VRC01.G89A.Repair2.clean.mut.pdb,0.30954292818125234
